scale_mu,g1,g2,g3,yt,lambda
173.1000000000001,0.4626456,0.6535451999999999,1.1667104,0.9355342930987848,0.125953362455907
181.9750267826898,0.4627768158294599,0.6532760584988511,1.163097743049838,0.9328428768216137,0.1249541474658368
191.3050859188946,0.4629081286578699,0.6530071893385523,1.159519123733144,0.9301764062420023,0.1239653157959729
201.1135074162658,0.4630395387995516,0.6527385928285395,1.155974004928061,0.9275344718361724,0.1229866905440932
211.4248174375253,0.4631710465658988,0.652470269260483,1.152461861389186,0.9249166735807681,0.1220180991694666
222.2647996286479,0.4633026522654629,0.6522022189087865,1.1489821794104,0.9223226206696548,0.121059373354847
233.660559591406,0.4634343562040362,0.6519344420310699,1.145534456499366,0.9197519312409993,0.1201103488737511
245.6405926614926,0.463566158684732,0.6516669388686366,1.142118201063219,0.9172042321141909,0.1191708654627832
258.2348551617036,0.4636980600080624,0.6513997096469261,1.138732932104995,0.9146791585361851,0.1182407666987829
271.4748393083479,0.4638300604720137,0.6511327545759517,1.135378178930364,0.9121763539368752,0.1173198998805812
285.3936519581918,0.463962160372119,0.6508660738507245,1.13205348086426,0.9096954696931123,0.1164081159151652
300.0260973928457,0.4640943600015293,0.6505996676516645,1.128758386977012,0.9072361649010142,0.1155052692080564
315.4087643475966,0.4642266596510813,0.6503335361449988,1.1254924558196,0.9047981061562221,0.1146112175577217
331.5801175023047,0.4643590596093646,0.6500676794831465,1.122255255167676,0.9023809673417771,0.1137258220538429
348.5805936631388,0.4644915601627851,0.6498020978050931,1.119046361774022,0.8999844294233066,0.1128489469792801
366.4527028756531,0.4646241615956279,0.6495367912367527,1.11586536112909,0.8976081802512242,0.1119804597155709
385.2411347220452,0.4647568641901177,0.6492717598913189,1.112711847229348,0.8952519143696606,0.1111202306518181
404.992870068388,0.4648896682264773,0.6490070038696059,1.109585422353097,0.8929153328318551,0.1102681330968212
425.7572985412668,0.4650225739829845,0.6487425232603782,1.106485696843507,0.8905981430217526,0.1094240431943188
447.5863420275716,0.4651555817360273,0.6484783181406717,1.103412288898574,0.8883000584815581,0.1085878398412116
470.5345845062592,0.4652886917601579,0.6482143885761041,1.100364824367752,0.8860207987450178,0.1077594046086433
494.659408536732,0.4654219043281438,0.647950734621177,1.097342936555002,0.883760089176199,0.1069386216658232
520.0211387451258,0.4655552197110195,0.6476873563195682,1.094346266028029,0.8815176608135594,0.1061253777064785
546.6831926672967,0.4656886381781344,0.6474242537044161,1.091374460433464,0.879293250219099,0.1053195618778299
574.7122393256941,0.4658221599972012,0.6471614267985958,1.088427174317786,0.8770865993324003,0.1045210657119894
604.1783659366423,0.4659557854343419,0.6468988756149867,1.085504068953771,0.8748974553293706,0.1037297830596832
635.1552531648884,0.4660895147541326,0.646636600156733,1.082604812172256,0.8727255704855076,0.102945610026208
667.7203593636433,0.4662233482196478,0.6463746004174959,1.079729078199043,0.8705707020435188,0.1021684449095323
701.9551142608099,0.4663572860925022,0.6461128763817001,1.076876547496747,0.86843261208513,0.1013981881404574
737.9451225757188,0.4664913286328923,0.6458514280247712,1.074046906611414,0.8663110674069281,0.1006347422247606
775.7803780755152,0.4666254760996366,0.6455902553133682,1.07123984802374,0.8642058394000881,0.09987801168724014
815.5554886064531,0.4667597287502146,0.6453293582056087,1.068455070004727,0.8621167039338417,0.09912790301759203
857.3699126627898,0.4668940868408047,0.6450687366512876,1.065692276475624,0.8600434412425499,0.09838432461804582
901.3282080848269,0.4670285506263214,0.6448083905920906,1.062951176871997,0.8579858358162489,0.0976471867526941
947.5402935079729,0.467163120360451,0.6445483199618004,1.060231486011791,0.8559436762945427,0.09691640149845068
996.1217232165861,0.4672977962956868,0.6442885246864988,1.057532923967239,0.8539167553637231,0.09619188269757645
1047.193976089875,0.467432578683363,0.6440290046847621,1.054855215940496,0.8519048696570006,0.095473545911714
1100.88475936237,0.4675674677736882,0.6437697598678515,1.052198092142853,0.8499078196577355,0.09476130837737504
1157.328327958534,0.4677024638157772,0.6435107901398986,1.04956128767743,0.8479254096055632,0.09405508896282659
1216.665820199999,0.4678375670576828,0.6432520953980858,1.046944542425219,0.8459574474053115,0.09335480812632466
1279.045610724887,0.4679727777464266,0.6429936755328213,1.04434760093436,0.8440037445386132,0.09266038787564576
1344.623681501693,0.4681080961280283,0.6427355304279102,1.041770212312552,0.8420641159781174,0.09197175172886939
1413.56401186545,0.4682435224475355,0.6424776599607208,1.039212130122488,0.8401383801042128,0.09128882467636572
1486.038988551483,0.4683790569490512,0.6422200640023462,1.036673112280218,0.8382263586241742,0.0906115331439455
1562.229836752035,0.4685146998757624,0.6419627424177617,1.034152920956336,0.836327876493649,0.08993980495713019
1642.327073273648,0.4686504514699661,0.6417056950659787,1.031651322479911,0.8344427618404063,0.08927356930650261
1726.530982928415,0.4687863119730964,0.6414489218001936,1.029168087245053,0.8325708458902683,0.08861275671409971
1815.052119350329,0.4689222816257493,0.6411924224679336,1.026702989620057,0.8307119628951533,0.0879572990008108
1908.111831489046,0.4690583606677085,0.6409361969111983,1.024255807859004,0.8288659500631579,0.08730712925474586
2005.942817097552,0.4691945493379691,0.6406802449665979,1.021826324015783,0.8270326474906116,0.08666218180054019
2108.789704597753,0.4693308478747616,0.6404245664654878,1.019414323860413,0.8252118980960355,0.08602239216956288
2216.909664778952,0.4694672565155754,0.6401691612340994,1.017019596797635,0.8234035475559461,0.08538769707099786
2330.573053858772,0.4696037754971809,0.6399140290936681,1.014641935787658,0.8216074442424404,0.0847580343637676
2450.064089514529,0.4697404050556521,0.639659169860558,1.012281137269031,0.8198234391625046,0.0841333430292707
2575.681561575464,0.4698771454263877,0.6394045833463829,1.009937001083549,0.8180513858989923,0.08351356314490563
2707.739579152947,0.4700139968441326,0.639150269358125,1.007609330403138,0.8162911405532154,0.08289863585835412
2846.568356076872,0.4701509595429982,0.6388962276982499,1.005297931658656,0.8145425616890971,0.08228850336259855
2992.515036602229,0.4702880337564826,0.6386424581648196,1.003002614470553,0.8128055102788373,0.08168310887164884
3145.944563450566,0.4704252197174902,0.6383889605516015,1.000723191581335,0.8110798496500408,0.08108239659695524
3307.240590356871,0.4705625176583508,0.6381357346481765,0.9984594787897624,0.8093654454342634,0.08048631172448414
3476.806441403759,0.4706999278108384,0.6378827802400422,0.9962112948867534,0.8076621655169299,0.07989480039243531
3655.066119541755,0.4708374504061895,0.6376300971087153,0.9939784615929189,0.8059698799885818,0.07930780966957915
3842.465366817523,0.4709750856751212,0.6373776850318311,0.9917608034976931,0.8042884610974117,0.07872528753419407
4039.472778961162,0.4711128338478482,0.6371255437832399,0.9895581480000061,0.8026177832030463,0.0781471828535843
4246.580977119608,0.4712506951541003,0.6368736731331019,0.9873703252504541,0.8009577227315378,0.07757344536415942
4464.3078396661,0.471388669823139,0.6366220728479794,0.9851971680949223,0.7993081581315264,0.07700402565205752
4693.197797165864,0.471526758083774,0.636370742690927,0.9830385120196177,0.7976689698315403,0.07643887513429468
4933.823193736102,0.4716649601643789,0.636119682421579,0.9808941950974693,0.7960400401983939,0.07587794604042375
5186.785718204413,0.4718032762929071,0.635868891796236,0.9787640579358575,0.794421253496656,0.0753211913946867
5452.71790864426,0.4719417066969069,0.6356183705679479,0.9766479436256315,0.792812495849152,0.0747685649986445
5732.284734049636,0.4720802516035367,0.6353681184865962,0.9745456976913787,0.7912136551984702,0.07422002141426988
6026.185257103911,0.4722189112395795,0.6351181352989738,0.9724571680429103,0.7896246212694421,0.07367551594748838
6335.154382200665,0.4723576858314575,0.6348684207488624,0.9703822049279263,0.7880452855325681,0.07313500463215361
6659.964693087471,0.4724965756052458,0.6346189745771095,0.9683206608858274,0.7864755411683594,0.07259844421444357
7001.428384727681,0.4726355807866862,0.6343697965217021,0.9662723907026406,0.7849152830325695,0.07206579213766481
7360.39929421089,0.4727747016012009,0.6341208863178399,0.9642372513670273,0.7833644076222903,0.07153700652745197
7737.775035790401,0.4729139382739058,0.6338722436980057,0.9622151020273424,0.7818228130428853,0.0710120461773507
8134.49924538641,0.4730532910296228,0.6336238683920348,0.960205803949715,0.7802903989757367,0.07049087053477222
8551.563940167316,0.4731927600928932,0.6333757601271833,0.9582092204771232,0.7787670666467841,0.06997343968730838
8990.011999109374,0.4733323456879895,0.6331279186281936,0.9562252169894334,0.7772527187958284,0.06945971434939621
9450.93977073733,0.473472048038928,0.6328803436173595,0.9542536608643782,0.7757472596465828,0.06894965584932169
9935.499814566809,0.4736118673694803,0.6326330348145888,0.9522944214394474,0.7742505948774467,0.06844322611655235
10444.90378310344,0.4737518039031854,0.6323859919374657,0.9503473699746658,0.7727626315929835,0.06794038766938916
10980.42545160524,0.4738918578633608,0.632139214701311,0.9484123796162341,0.7712832782960812,0.06744110360292824
11543.40390318425,0.474032029473114,0.6318927028192405,0.9464893253610095,0.7698124448607775,0.06694533757732306
12135.24687721179,0.4741723189553531,0.6316464560022234,0.9445780840218023,0.76835004250573,0.06645305380633862
12757.43428940017,0.4743127265327982,0.6314004739591382,0.9426785341934675,0.7668959837683139,0.06596421704618881
13411.52193236281,0.4744532524279912,0.6311547563968282,0.9407905562197685,0.7654501824793291,0.06547879258464895
14099.14536590615,0.4745938968633069,0.6309093030201548,0.9389140321609941,0.7640125537383002,0.0649967462304354
14822.02400678111,0.4747346600609629,0.6306641135320507,0.9370488457623063,0.7625830138893538,0.06451804430284458
15581.96542812054,0.4748755422430295,0.6304191876335709,0.9351948824228014,0.7611614804976548,0.06404265362164403
16380.86987931359,0.4750165436314394,0.6301745250239437,0.9333520291652643,0.7597478723263892,0.0635705414972082
17220.735037619,0.4751576644479979,0.6299301254006194,0.9315201746065984,0.758342109314277,0.06310167572089209
18103.66100339875,0.4752989049143917,0.6296859884593188,0.9296992089289124,0.7569441125536005,0.06263602455563601
19031.85555146289,0.4754402652521985,0.62944211389408,0.9278890238512478,0.755553804268735,0.06217355672679487
20007.63965165653,0.4755817456828961,0.6291985013973048,0.9260895126019295,0.7541711077951676,0.06171424141318581
21033.45327249339,0.4757233464278712,0.6289551506598038,0.9243005698915239,0.752795947558992,0.06125804823834792
22111.86148234801,0.4758650677084285,0.62871206137084,0.9225220918863885,0.7514282490568648,0.06080494726200834
23245.56086346278,0.4760069097457988,0.6284692332181727,0.9207539761827975,0.7500679388364128,0.06035490897174878
24437.38625480813,0.476148872761148,0.6282266658880991,0.9189961217816295,0.7487149444770789,0.05990790427486721
25690.31784065654,0.4762909569755853,0.6279843590654958,0.9172484290636013,0.7473691945713939,0.05946390449042903
27007.48860259555,0.4764331626101712,0.6277423124338594,0.9155107997650357,0.746030618706665,0.05902288134150286
28392.19215361362,0.4765754898859255,0.6275005256753456,0.9137831369541484,0.7446991474470674,0.05858480694757568
29847.89097384816,0.4767179390238356,0.6272589984708087,0.9120653450078414,0.7433747123161319,0.05814965381714256
31378.22506858941,0.476860510244864,0.6270177304998384,0.9103573295889903,0.742057245779615,0.05771739484046622
32987.02107018966,0.4770032037699559,0.6267767214407979,0.9086589976242125,0.740746681228743,0.05728800328250187
34678.30180663731,0.4771460198200468,0.6265359709708593,0.9069702572821053,0.7394429529638218,0.0568614527759829
36456.29636072228,0.47728895861607,0.6262954787660399,0.9052910179519407,0.7381459961781999,0.05643771731466311
38325.4506449458,0.4774320203789638,0.6260552445012363,0.903621190222807,0.7368557469425782,0.05601677124671128
40290.4385186174,0.4775752053296784,0.625815267850259,0.9019606858631855,0.7355721421896571,0.05559858926825411
42356.17347493773,0.4777185136891834,0.6255755484858653,0.9003094178009515,0.7342951196991114,0.05518314641706363
44527.82092729089,0.4778619456784743,0.625336086079792,0.89866730010379,0.7330246180828865,0.05477041806638515
46810.81112546839,0.4780055015185796,0.6250968803027874,0.8970342479600142,0.7317605767708054,0.05436037991890222
49210.85273412218,0.4781491814305673,0.6248579308246427,0.8954101776597788,0.7305029359964812,0.05395300800083495
51733.94710739971,0.4782929856355519,0.6246192373142222,0.8937950065766784,0.729251636783526,0.05354827865616826
54386.40329545538,0.4784369143547003,0.6243807994394938,0.89218865314972,0.7280066209320493,0.0531461685410066
57174.85382036202,0.4785809678092385,0.6241426168675579,0.8905910368656624,0.7267678310054381,0.05274665461805213
60106.27126087093,0.4787251462204583,0.6239046892646765,0.8890020782417135,0.7255352103174132,0.05234971415120281
63187.98568749053,0.4788694498097226,0.6236670162963009,0.8874216988085754,0.724308702919353,0.05195532470026771
66427.70299148074,0.4790138787984724,0.6234295976270999,0.8858498210938309,0.7230882535878799,0.05156346411579632
69833.52415359489,0.4791584334082324,0.6231924329209861,0.884286368605663,0.7218738078127019,0.05117411053401903
73413.96550075131,0.479303113860617,0.622955521841143,0.8827312658168976,0.7206653117847038,0.050787242371896
77177.98000128649,0.479447920377336,0.6227188640500503,0.8811844381493648,0.7194627123842813,0.05040283832227166
81134.97965203936,0.4795928531802008,0.6224824592095097,0.8796458119585685,0.7182659571699125,0.05002087734913218
85294.85901324588,0.4797379124911296,0.6222463069806697,0.8781153145186598,0.7170749943669621,0.04964133868296337
89668.01995009345,0.4798830985321533,0.6220104070240497,0.8765928740077044,0.7158897728567101,0.04926420181620648
94265.39764280201,0.4800284115254208,0.6217747589995641,0.8750784194932394,0.7147102421656027,0.0488894464988095
99098.48793027042,0.4801738516932046,0.6215393625665455,0.8735718809181116,0.7135363524547181,0.04851705273387157
104179.3760556616,0.4803194192579063,0.6213042173837677,0.8720731890865906,0.7123680545094427,0.04814700077337818
109520.7668858056,0.4804651144420617,0.6210693231094681,0.8705822756507524,0.7112052997293529,0.04777927111402509
115136.0166799839,0.4806109374683459,0.6208346794013694,0.8690990730971241,0.7100480401182975,0.04741384449312851
121039.1664875349,0.4807568885595788,0.6206002859167017,0.8676235147335868,0.708896228274676,0.04705070188461983
127244.977257791,0.4809029679387299,0.6203661423122231,0.8661555346765288,0.7077498173819087,0.04668982449512241
133768.9667501403,0.4810491758289236,0.6201322482442405,0.8646950678382447,0.7066087611990924,0.04633119376010883
140627.448336508,0.4811955124534439,0.61989860336863,0.8632420499145735,0.7054730140518407,0.04597479134013645
147837.5717932836,0.4813419780357392,0.6196652073408564,0.8617964173727728,0.7043425308233007,0.04562059911715945
155417.3661846945,0.4814885727994276,0.619432059815993,0.8603581074396198,0.7032172669453453,0.04526859919091548
163385.7849448579,0.4816352969683012,0.6191991604487405,0.8589270580897388,0.702097178389935,0.04491877387538532
171762.7532712382,0.4817821507663311,0.6189665088934455,0.8575032080341461,0.7009822216606471,0.04457110569532351
180569.2179480192,0.4819291344176719,0.6187341048041193,0.8560864967090103,0.6998723537843659,0.04422557738285857
189827.1997239755,0.4820762481466662,0.6185019478344551,0.8546768642646209,0.6987675323031333,0.04388217187416103
199559.8483758144,0.4822234921778494,0.6182700376378463,0.8532742515545632,0.6976677152661541,0.04354087230617763
209791.5005946757,0.4823708667359541,0.6180383738674032,0.8518786001250925,0.6965728612219532,0.04320166201343024
220547.7408405361,0.4825183720459144,0.6178069561759703,0.8504898522047054,0.6954829292106809,0.042864524524878
231855.4653166858,0.4826660083328703,0.6175757842161422,0.8491079506939015,0.6943978787565642,0.0425294435608411
243742.9492242456,0.4828137758221722,0.6173448576402808,0.847732839155134,0.6933176698604991,0.04219640302998486
256239.9174648985,0.4829616747393849,0.6171141761005302,0.846364461802943,0.6922422629927821,0.04186538702636267
269377.6189686259,0.4831097053102923,0.6168837392488328,0.8450027634942693,0.6911716190859768,0.04153637982651658
283188.9048323105,0.483257867760901,0.6166535467369445,0.8436476897189427,0.6901056995279141,0.0412093658866339
297708.3104645888,0.4834061623174448,0.6164235982164498,0.8422991865903433,0.6890444661548214,0.04088432983975893
312972.1419423622,0.4835545892063886,0.6161938933387758,0.8409572008362309,0.687987881244579,0.04056125649305827
329018.5667948999,0.4837031486544326,0.6159644317552078,0.8396216797897387,0.6869359075101004,0.04024013082513859
345887.7094425428,0.4838518408885163,0.615735213116902,0.8382925713805285,0.6858885080928345,0.03992093798341569
363621.7515286538,0.4840006661358224,0.6155062370749005,0.836969824126104,0.6848456465563864,0.03960366328153374
382265.0373956984,0.4841496246237806,0.615277503280144,0.8356533871232783,0.6838072868802539,0.03928829219683341
401864.184969198,0.4842987165800718,0.6150490113834856,0.8343432100397925,0.6827733934536789,0.03897481036786798
422468.2023268264,0.4844479422326314,0.6148207610357034,0.8330392431060827,0.6817439310696091,0.03866320359196625
444128.610244131,0.4845973018096537,0.6145927518875138,0.8317414371071919,0.6807188649187688,0.03835345782284128
466899.5710233078,0.4847467955395954,0.6143649835895835,0.8304497433748241,0.6796981605838368,0.03804555916824384
490838.0239271685,0.4848964236511791,0.6141374557925419,0.829164113779537,0.6786817840337284,0.03773949388765968
516003.8275569559,0.4850461863733973,0.6139101681469932,0.827884500723071,0.6776697016179788,0.03743524839004971
542459.9095300263,0.4851960839355161,0.6136831203035282,0.8266108571308119,0.6766618800612278,0.03713280923163188
570272.4238316698,0.4853461165670785,0.6134563119127359,0.8253431364443843,0.6756582864578017,0.03683216311370422
599510.9162345327,0.4854962844979081,0.6132297426252143,0.8240812926143719,0.6746588882663901,0.03653329688050785
630248.4981992723,0.4856465879581129,0.6130034120915824,0.8228252800931647,0.6736636533048187,0.03623619751712924
662562.0296912921,0.4857970271780884,0.6127773199624902,0.8215750538279279,0.6726725497449118,0.03594085214744079
696532.311370689,0.4859476023885215,0.6125514658886299,0.8203305692536916,0.6716855461074458,0.03564724803207899
732244.2866359908,0.4860983138203937,0.6123258495207462,0.819091782286558,0.670702611257191,0.03535537256645929
769787.2540268983,0.4862491617049844,0.6121004705096467,0.8178586493170246,0.6697237143980389,0.03506521327882688
809255.0905171469,0.4864001462738748,0.6118753285062115,0.8166311272034201,0.6687488250682146,0.03477675782834269
850746.4862558402,0.4865512677589506,0.6116504231614036,0.8154091732654519,0.6677779131355721,0.03448999400320375
894365.1913442278,0.486702526392406,0.6114257541262782,0.8141927452778615,0.6668109487929698,0.03420490971879732
940220.2752649995,0.4868539224067465,0.6112013210519923,0.8129818014641867,0.6658479025537263,0.0339214930158879
988426.3996128038,0.4870054560347923,0.610977123589814,0.8117763004906292,0.6648887452471538,0.03363973205883663
1039104.104807959,0.4871571275096818,0.6107531613911314,0.8105762014600226,0.6639334480141678,0.0333596151338522
1092380.111510291,0.4873089370648747,0.6105294341074619,0.809381463905903,0.6629819823029709,0.03308113064727275
1148387.637486788,0.4874608849341549,0.6103059413904602,0.8081920477866763,0.6620343198648109,0.03280426712387807
1207266.730725408,0.4876129713516343,0.6100826828919281,0.8070079134798824,0.6610904327498094,0.03252901320523145
1269164.619627999,0.4877651965517553,0.6098596582638216,0.8058290217765548,0.6601502933028618,0.03225535764805056
1334236.081157987,0.4879175607692943,0.6096368671582599,0.8046553338756717,0.6592138741596055,0.03198328932260679
1402643.827863408,0.4880700642393649,0.6094143092275333,0.8034868113786988,0.6582811482424561,0.03171279721115251
1474558.914743029,0.4882227071974208,0.6091919841241109,0.8023234162842212,0.6573520887567093,0.03144387040637551
1550161.166972945,0.4883754898792587,0.6089698915006487,0.8011651109826624,0.6564266691867079,0.03117649810988023
1629639.629563186,0.4885284125210216,0.608748031009997,0.8000118582510896,0.6555048632920728,0.0309106696306952
1713193.04006871,0.488681475359202,0.6085264023052077,0.7988636212481025,0.6545866451039959,0.03064637438380605
1801030.325536807,0.4888346786306445,0.6083050050395421,0.7977203635088055,0.6536719889215941,0.03038360188871369
1893371.124933548,0.4889880225725489,0.6080838388664774,0.7965820489398596,0.6527608693083234,0.03012234176801715
1990446.338355599,0.4891415074224732,0.6078629034397143,0.7954486418146151,0.6518532610884525,0.02986258374602047
2092498.704400734,0.4892951334183367,0.6076421984131832,0.7943201067683209,0.6509491393435926,0.02960431764736324
2199783.407140771,0.4894489007984227,0.6074217234410518,0.7931964087934115,0.6500484794092846,0.02934753339567435
2312568.714214666,0.4896028098013815,0.6072014781777311,0.792077513234868,0.6491512568716421,0.02909222101224837
2431136.647637346,0.4897568606662333,0.6069814622778817,0.790963385785653,0.648257447564048,0.02883837061474423
2555783.689001646,0.4899110536323709,0.6067616753964209,0.7898539924822177,0.6473670275639051,0.0285859724159057
2686821.520836722,0.4900653889395629,0.6065421171885281,0.7887492997000803,0.6464799731894381,0.02833501672230318
2824577.805976719,0.4902198668279563,0.6063227873096515,0.7876492741494732,0.6455962609965482,0.0280854939330965
2969397.006888532,0.4903744875380792,0.6061036854155136,0.7865538828710587,0.6447158677757172,0.02783739453881827
3121641.247007393,0.4905292513108439,0.6058848111621173,0.785463093231712,0.6438387705489609,0.02759070912017727
3281691.216234083,0.4906841583875496,0.6056661642057516,0.7843768729203699,0.6429649465668315,0.02734542834688168
3449947.122857975,0.4908392090098851,0.6054477442029971,0.7832951899439434,0.6420943733054674,0.0271015429764816
3626829.694286216,0.4909944034199315,0.6052295508107316,0.7822180126232942,0.6412270284636895,0.02685904385323058
3812781.229081393,0.4911497418601651,0.6050115836861354,0.7811453095892735,0.6403628899601433,0.0266179219069657
4008266.702938323,0.4913052245734602,0.6047938424866968,0.7800770497788219,0.6395019359304862,0.02637816815200601
4213774.931365485,0.4914608518030915,0.6045763268702168,0.7790132024311281,0.6386441447246184,0.02613977368606869
4429819.791978402,0.4916166237927371,0.6043590364948146,0.7779537370838486,0.6377894949039578,0.02590272968920295
4656941.509461349,0.491772540786481,0.6041419710189323,0.776898623569383,0.6369379652387567,0.025667027422741
4895708.006410452,0.491928603028816,0.60392513010134,0.7758478320112073,0.6360895347054607,0.025432658228266
5146716.323435999,0.4920848107646461,0.6037085134011402,0.7748013328202629,0.6352441824841083,0.02519961352659646
5410594.112074945,0.4922411642392894,0.6034921205777728,0.7737590966913995,0.6344018879557706,0.02496788481678702
5688001.204246692,0.4923976636984806,0.6032759512910194,0.7727210945998733,0.6335626307000305,0.02473746367514506
5979631.26217657,0.4925543093883737,0.603060005201008,0.7716872977978957,0.6327263904925012,0.02450834175426302
6286213.512912715,0.4927111015555446,0.602844281968217,0.7706576778112365,0.6318931473023817,0.02428051078206599
6608514.571773532,0.4928680404469936,0.60262878125348,0.7696322064358757,0.6310628812900504,0.02405396256087442
6947340.359285297,0.4930251263101481,0.6024135027179893,0.768610855734707,0.6302355728046952,0.02382868896648157
7303538.11640326,0.4931823593928654,0.6021984460233009,0.7675935980342893,0.6294112023819795,0.02360468194724543
7677998.523055342,0.4933397399434349,0.6019836108313376,0.7665804059216472,0.6285897507417435,0.02338193352319494
8071657.925305889,0.4934972682105808,0.6017689968043934,0.7655712522411188,0.6277711987857406,0.02316043578515007
8485500.676708551,0.4936549444434649,0.6015546036051376,0.7645661100912496,0.6269555275954075,0.02294018089385565
8920561.599702884,0.4938127688916887,0.6013404308966178,0.7635649528217333,0.626142718429668,0.02272116107912871
9377928.573209515,0.4939707418052964,0.6011264783422643,0.7625677540303961,0.6253327527227692,0.02250336863901887
9858745.252894016,0.4941288634347773,0.6009127456058934,0.7615744875602266,0.6245256120821515,0.02228679593898183
10364213.93090182,0.494287134031068,0.6006992323517106,0.7605851274964482,0.6237212782863484,0.02207143541106551
10895598.54221483,0.4944455538455553,0.6004859382443151,0.7595996481636349,0.6229197332829185,0.02185727955310866
11454227.8251472,0.4946041231300788,0.6002728629487017,0.7586180241228682,0.6221209591864086,0.02164432092795178
12041498.64388327,0.4947628421369328,0.6000600061302654,0.7576402301689361,0.6213249382763459,0.02143255216266006
12658879.48136558,0.4949217111188695,0.5998473674548038,0.7566662413275724,0.6205316529952603,0.02122196594775809
13307914.11126716,0.495080730329101,0.5996349465885207,0.7556960328527356,0.6197410859467356,0.02101255503647625
13990225.45822979,0.4952399000213022,0.5994227431980289,0.7547295802239268,0.6189532198934898,0.02080431224400843
14707519.65602101,0.4953992204496127,0.5992107569503535,0.7537668591435468,0.6181680377554827,0.02059723044678097
15461590.31375714,0.4955586918686398,0.5989989875129346,0.7528078455342906,0.6173855226080511,0.02039130258173258
16254323.00086039,0.4957183145334608,0.5987874345536301,0.7518525155365789,0.6166056576800722,0.02018652164560506
17087699.96196454,0.4958780886996253,0.5985760977407191,0.7509008455060268,0.6158284263521521,0.01998288069424463
17963805.07355902,0.4960380146231578,0.5983649767429038,0.7499528120109473,0.6150538121548415,0.01978037284191359
18884829.05476559,0.4961980925605602,0.598154071229313,0.7490083918298921,0.6142817987668768,0.01957899126061235
19853074.94527723,0.4963583227688141,0.597943380869504,0.7480675619492251,0.6135123700134471,0.01937872917941137
20870963.86415698,0.4965187055053832,0.5977329053334659,0.7471302995607313,0.6127455098644843,0.01917957988379304
21941041.06389671,0.4966792410282159,0.5975226442916215,0.7461965820592591,0.61198120243298,0.01898153671500324
23065982.29487407,0.4968399295957477,0.59731259741483,0.7452663870403954,0.611219431973325,0.01878459306941241
24248600.49612224,0.4970007714669035,0.5971027643743895,0.7443396922981735,0.6104601828796721,0.01858874239788599
25491852.82914265,0.4971617669011,0.5968931448420389,0.7434164758228131,0.6097034396843235,0.01839397820516404
26798848.07234906,0.4973229161582484,0.596683738489961,0.742496715798491,0.60894918705614,0.01820029404924992
28172854.39463292,0.4974842194987562,0.5964745449907838,0.7415803906011437,0.6081974097989729,0.01800768354080783
29617307.52748786,0.4976456771835304,0.596265564017583,0.7406674787962996,0.6074480928501177,0.01781614034256905
31135819.35612805,0.4978072894739793,0.5960567952438847,0.739757959136942,0.6067012212787906,0.01762565816874679
32732186.95108259,0.4979690566320152,0.5958482383436664,0.7388518105614006,0.6059567802846245,0.01743623078445944
34410402.0628496,0.4981309789200564,0.5956398929913599,0.7379490121912727,0.6052147551961882,0.01724785200516214
36174661.10335173,0.4982930566010303,0.5954317588618528,0.7370495433293724,0.6044751314695241,0.01706051569608638
38029375.63915171,0.498455289938375,0.5952238356304909,0.7361533834577081,0.603737894686708,0.01687421577168777
39979183.42266671,0.4986176791960421,0.595016122973079,0.7352605122354875,0.6030030305544275,0.0166889461951015
42028959.98896502,0.4987802246384992,0.5948086205658841,0.7343709094971499,0.6022705249025809,0.01650470097760563
44183830.84714334,0.4989429265307319,0.5946013280856363,0.7334845552504249,0.6015403636828953,0.01632147417809196
46449184.2967692,0.4991057851382464,0.5943942452095305,0.7326014296744175,0.6008125329675633,0.01613925990254436
48830684.90143659,0.4992688007270719,0.5941873716152288,0.7317215131177192,0.6000870189478991,0.0159580523035244
51334287.65312544,0.499431973563763,0.5939807069808613,0.730844786096544,0.5993638079330118,0.0157778455796643
53966252.86278342,0.4995953039154016,0.5937742509850279,0.7299712292928906,0.5986428863484985,0.01559863397516689
56733161.81436411,0.4997587920496002,0.5935680033068004,0.7291008235527277,0.5979242407351537,0.01542041177931257
59641933.22146498,0.4999224382345033,0.5933619636257234,0.7282335498842047,0.597207857747697,0.01524317332597313
62699840.52771515,0.5000862427387903,0.5931561316218158,0.7273693894558861,0.5964937241535179,0.01506691299313239
65914530.09417301,0.5002502058316778,0.5929505069755726,0.7265083235950087,0.5957818268314372,0.01489162520241332
69294040.31921175,0.5004143277829217,0.5927450893679661,0.7256503337857627,0.5950721527704859,0.01471730441861185
72846821.73870221,0.5005786088628201,0.592539878480447,0.724795401667595,0.5943646890686995,0.01454394514923701
76581758.1567543,0.500743049342215,0.592334873994946,0.7239435090335357,0.5936594229319295,0.01437154194405736
80508188.85985467,0.5009076494924951,0.5921300755938752,0.7230946378285453,0.59295634167267,0.01420008939465374
84635931.96994749,0.501072409585598,0.5919254829601288,0.7222487701478854,0.5922554327089001,0.01402958213397797
88975308.99485335,0.5012373298940126,0.5917210957770848,0.7214058882355088,0.5915566835629423,0.0138600148359177
93537170.63741505,0.5014024106907815,0.5915169137286058,0.7205659744824724,0.5908600818603355,0.0136913822148671
98332923.92790663,0.5015676522495033,0.5913129364990406,0.7197290114253695,0.5901656153287226,0.01352367902530332
103374560.7475507,0.5017330548443349,0.5911091637732248,0.7188949817447836,0.589473271796754,0.01335690006136879
108674687.8144675,0.501898618749994,0.5909055952364818,0.7180638682637612,0.5887830391930045,0.01319104015645902
114246558.2070375,0.5020643442417612,0.5907022305746243,0.7172356539463052,0.5880949055449043,0.01302609418281599
120104104.5034997,0.5022302315954826,0.5904990694739551,0.7164103218958874,0.5874088589776852,0.01286205705112701
126261973.6206547,0.5023962810875723,0.5902961116212678,0.7155878553539804,0.5867248877133396,0.01269892371012889
132735563.4387864,0.5025624929950142,0.5900933567038479,0.7147682376986081,0.5860429800695931,0.01253668914621739
139541061.3043824,0.5027288675953648,0.5898908044094738,0.7139514524429148,0.5853631244588912,0.01237534838306187
146695484.5069322,0.5028954051667557,0.5896884544264175,0.7131374832337531,0.5846853093873982,0.01221489648122507
154216722.8310148,0.5030621059878954,0.5894863064434455,0.7123263138502893,0.58400952345401,0.01205532853778783
162123583.2900784,0.5032289703380721,0.5892843601498194,0.7115179282026268,0.5833357553493793,0.01189663968597886
170435837.1537705,0.503395998497156,0.5890826152352973,0.7107123103304468,0.5826639938549528,0.01173882509480928
179174269.3864099,0.5035631907456015,0.5888810713901333,0.7099094444016666,0.5819942278420217,0.011581879968712
188360730.6202244,0.5037305473644497,0.5886797283050799,0.7091093147111147,0.5813264462707839,0.01142579954718582
198018191.7933124,0.5038980686353306,0.5884785856713869,0.7083119056792225,0.5806606381894183,0.01127057910444412
208170801.5889534,0.5040657548404659,0.5882776431808036,0.7075172018507326,0.5799967927331708,0.01111621394906815
218843946.819895,0.5042336062626708,0.5880769005255784,0.7067251878934233,0.5793348991234525,0.01096269942366485
230064315.9086075,0.5044016231853566,0.5878763573984598,0.7059358485968491,0.5786749466669483,0.01081003090452897
241859965.6222419,0.5045698058925333,0.5876760134926969,0.7051491688710969,0.5780169247547379,0.01065820380130972
254260391.2291619,0.5047381546688116,0.5874758685020401,0.7043651337455579,0.5773608228614273,0.01050721355668151
267296600.252478,0.5049066697994055,0.5872759221207413,0.7035837283677144,0.5767066305442917,0.01035705564601913
281001190.0050066,0.5050753515701346,0.5870761740435547,0.7028049380019425,0.5760543374424284,0.01020772557707688
295408429.099531,0.5052442002674267,0.5868766239657373,0.7020287480283285,0.5754039332759213,0.0100592188896719
310554343.1381831,0.5054132161783197,0.5866772715830488,0.7012551439415005,0.5747554078450153,0.009911531155371536
326476804.7952139,0.5055823995904645,0.586478116591753,0.7004841113494747,0.5741087510293014,0.009764657977184635
343215628.518406,0.5057517507921269,0.586279158688617,0.6997156359725158,0.5734639527869111,0.009618594989256735
360812670.0859311,0.5059212700721905,0.5860803975709128,0.6989497036420107,0.5728210031537223,0.009473337856569146
379311931.2675977,0.5060909577201587,0.5858818329364167,0.6981863002993568,0.5721798922425737,0.00932888227464178
398759669.8521948,0.5062608140261572,0.5856834644834102,0.6974254119948636,0.5715406102424895,0.009185223969239733
419204515.3160585,0.5064308392809366,0.5854852919106801,0.6966670248866679,0.5709031474179139,0.00904235869608353
440697590.4220929,0.5066010337758744,0.5852873149175187,0.6959111252396615,0.5702674941079546,0.008900282240562989
463292639.0533059,0.5067713978029779,0.5850895332037243,0.6951576994244328,0.5696336407256359,0.008758990417454647
487046160.6005109,0.506941931654886,0.5848919464696012,0.694406733916221,0.5690015777571608,0.008618479070642702
512017551.2402325,0.5071126356248722,0.5846945544159602,0.6936582152938824,0.5683712957611819,0.008478744072843401
538269252.4560866,0.5072835100068467,0.5844973567441185,0.6929121302388699,0.5677427853680825,0.008339781325332841
565866907.1750135,0.5074545550953589,0.5843003531559003,0.6921684655342244,0.5671160372792644,0.00820158675767812
594879523.9087867,0.5076257711855997,0.5841035433536367,0.6914272080635782,0.5664910422664461,0.008064156327471792
625379649.3112378,0.5077971585734041,0.5839069270401656,0.6906883448101707,0.5658677911709685,0.007927486020069581
657443549.5826789,0.5079687175552536,0.5837105039188324,0.6899518628558757,0.5652462749031097,0.007791571848331289
691151401.1751282,0.5081404484282785,0.5835142736934897,0.6892177493802403,0.5646264844414077,0.00765640985236488
726587491.2752029,0.5083123514902603,0.5833182360684976,0.6884859916595348,0.5640084108319912,0.007521996099273663
763840428.5659878,0.5084844270396345,0.5831223907487237,0.6877565770658152,0.5633920451879185,0.007388326682906544
803003364.7948986,0.5086566753754926,0.582926737439543,0.687029493065995,0.5627773786885248,0.007255397723611301
844174227.7015702,0.5088290967975849,0.5827312758468384,0.6863047272209296,0.5621644025787765,0.007123205367990835
887455965.8882136,0.5090016916063226,0.5825360056770001,0.6855822671845104,0.561553108168634,0.006991745788662354
932956806.2447463,0.5091744601027806,0.5823409266369264,0.6848621007027704,0.5609434868324215,0.006861015184019445
980790524.572389,0.5093474025886997,0.5821460384340227,0.6841442156129994,0.5603355300082045,0.006731009777996999
1031076730.082432,0.5095205193664893,0.5819513407762024,0.6834285998428705,0.559729229197175,0.006601725819838936
1083941164.481565,0.5096938107392297,0.5817568333718863,0.6827152414095761,0.5591245759630439,0.006473159583868701
1139516016.39164,0.5098672770106746,0.581562515930003,0.6820041284189745,0.5585215619314394,0.006345307369262486
1197940251.890079,0.5100409184852535,0.5813683881599881,0.6812952490647463,0.5579201787893149,0.006218165499825133
1259359961.997455,0.5102147354680744,0.5811744497717851,0.68058859162756,0.5573204182843611,0.006091730323768692
1323928727.981133,0.5103887282649261,0.5809807004758444,0.6798841444742486,0.5567222722244274,0.005965998213493585
1391808005.388442,0.5105628971822808,0.5807871399831236,0.6791818960569944,0.5561257324769484,0.005840965565372338
1463167527.769635,0.5107372425272965,0.5805937680050874,0.6784818349125238,0.5555307909683781,0.005716628799535857
1538185731.100182,0.5109117646078196,0.5804005842537077,0.6777839496613116,0.5549374396836302,0.005592984359662202
1617050199.963646,0.5110864637323874,0.5802075884414626,0.6770882290067941,0.5543456706655249,0.005470028712767814
1699958136.610852,0.5112613402102305,0.5800147802813372,0.6763946617345912,0.5537554760142426,0.005347758349001187
1787116854.068235,0.5114363943512754,0.5798221594868229,0.6757032367117376,0.5531668478867834,0.005226169781438916
1878744294.528385,0.5116116264661471,0.5796297257719172,0.675013942885923,0.5525797784964331,0.005105259545884128
1975069574.319057,0.5117870368661716,0.5794374788511236,0.6743267692847402,0.5519942601122354,0.004985024200667213
2076333556.813324,0.511962625863378,0.5792454184394515,0.6736417050149428,0.5514102850584698,0.004865460326448875
2182789454.713474,0.512138393770502,0.579053544252416,0.6729587392617102,0.5508278457141361,0.004746564526025427
2294703463.214659,0.5123143409009873,0.5788618560060369,0.6722778612879222,0.5502469345124447,0.004628333424136325
2412355425.631536,0.5124904675689891,0.5786703534168398,0.6715990604334406,0.5496675439403117,0.004510763667273896
2536039533.152317,0.5126667740893762,0.5784790362018546,0.6709223261143997,0.5490896665378617,0.004393851923495241
2666065060.469978,0.5128432607777337,0.5782879040786157,0.6702476478225043,0.5485132948979344,0.00427759488223627
2802757139.130086,0.5130199279503652,0.5780969567651622,0.6695750151243363,0.5479384216655978,0.004161989254127849
2946457570.529016,0.5131967759242961,0.5779061939800364,0.6689044176606678,0.5473650395376666,0.004047031770814025
3097525680.595478,0.5133738050172756,0.5777156154422848,0.6682358451457835,0.5467931412622263,0.0039327191847723
3256339218.2925,0.5135510155477794,0.5775252208714569,0.6675692873668094,0.5462227196381625,0.003819048269135932
3423295300.186604,0.5137284078350124,0.5773350099876051,0.6669047341830497,0.5456537675146953,0.003706015817518224
3598811403.446064,0.5139059821989113,0.5771449825112847,0.6662421755253307,0.5450862777909193,0.003593618643838786
3783326409.751284,0.5140837389601469,0.5769551381635528,0.6655816013953521,0.544520243415349,0.003481853582151736
3977301702.727602,0.5142616784401275,0.5767654766659688,0.6649230018650454,0.5439556573854682,0.003370717486475806
4181222321.644677,0.5144398009610005,0.5765759977405933,0.6642663670759398,0.5433925127472857,0.003260207230626349
4395598174.267307,0.5146181068456558,0.5763867011099884,0.6636116872385345,0.5428308025948951,0.0031503197080492
4620965311.890445,0.514796596417728,0.5761975864972164,0.6629589526316785,0.54227052007004,0.00304105183165637
4857887269.746647,0.5149752700015994,0.5760086536258405,0.6623081536019565,0.5417116583616837,0.002932400533663562
5106956476.137691,0.5151541279224021,0.5758199022199235,0.6616592805630825,0.5411542107055839,0.002824362765429465
5368795733.81391,0.5153331705060215,0.5756313320040277,0.6610123239952992,0.540598170383872,0.00271693549729681
5644059777.305474,0.5155123980790979,0.5754429427032146,0.6603672744447842,0.5400435307246371,0.002610115718435178
5933436910.099749,0.5156918109690301,0.5752547340430443,0.6597241225230627,0.5394902851015142,0.002503900436685507
6237650725.758535,0.5158714095039775,0.575066705749575,0.6590828589064271,0.5389384269332778,0.002398286678406303
6557461917.278882,0.5160511940128631,0.5748788575493627,0.6584434743353621,0.5383879496834389,0.002293271488321519
6893670179.2218,0.5162311648253762,0.5746911891694608,0.6578059596139761,0.5378388468598475,0.002188851929370079
7247116207.365209,0.5164113222719747,0.5745037003374194,0.6571703056094397,0.5372911120142982,0.002085025082557027
7618683800.881282,0.5165916666838883,0.5743163907812848,0.6565365032514288,0.5367447387421413,0.001981788046806291
8009302072.294724,0.5167721983931208,0.5741292602295993,0.655904543531575,0.5361997206818976,0.001879137938815014
8419947770.748043,0.5169529177324531,0.5739423084114006,0.6552744175029216,0.5356560515148768,0.001777071892909461
8851647724.383162,0.5171338250354459,0.573755535056221,0.6546461162793845,0.5351137249648015,0.001675587060902459
9305481407.94663,0.5173149206364422,0.5735689398940874,0.6540196310352203,0.5345727347974336,0.00157468061195236
9782583642.038769,0.5174962048705705,0.5733825226555204,0.6533949530044989,0.5340330748202061,0.001474349732423512
10284147430.75626,0.5176776780737469,0.5731962830715339,0.6527720734805825,0.5334947388818581,0.001374591625748201
10811426944.82381,0.5178593405826785,0.5730102208736346,0.65215098381561,0.5329577208720735,0.001275403512290059
11365740657.67423,0.5180411927348657,0.5728243357938214,0.6515316754199862,0.5324220147211247,0.001176782629208923
11948474642.31875,0.5182232348686054,0.5726386275645851,0.6509141397618777,0.531887614399519,0.001078726230327106
12561086037.25156,0.5184054673229934,0.5724530959189071,0.6502983683667128,0.5313545139176493,0.00098123158599708
13205106690.05502,0.5185878904379273,0.5722677405902601,0.6496843528166876,0.5308227073254482,0.0008842959829705486
13882146987.81652,0.5187705045541093,0.5720825613126063,0.6490720847502769,0.5302921887120463,0.0007879167242688847
14593899883.93501,0.5189533100130492,0.5718975578203975,0.6484615558617504,0.5297629522054337,0.0006920911290549228
15342145131.3863,0.519136307157067,0.5717127298485746,0.6478527579006937,0.5292349919721249,0.000596816532506085
16128753733.03256,0.5193194963292957,0.5715280771325665,0.6472456826715351,0.5287083022168281,0.0005020902856888249
16955692620.10404,0.5195028778736844,0.5713435994082899,0.6466403220330763,0.5281828771821171,0.0004079097554343713
17825029570.55165,0.5196864521350008,0.5711592964121488,0.6460366678980286,0.5276587111481071,0.0003142723242157563
18738938379.56889,0.519870219458834,0.5709751678810335,0.645434712232554,0.5271357984321339,0.000221175390026111
19699704295.21216,0.5200541801915981,0.5707912135523203,0.6448344470558106,0.5266141333884359,0.0001286163662582116
20709729732.71117,0.5202383346805342,0.570607433163871,0.6442358644395035,0.5260937104078405,3.659268158526195e-005
21771540281.75843,0.5204226832737134,0.5704238264540317,0.6436389565074396,0.5255745239174531,-5.489822015710428e-005
22887791021.79898,0.5206072263200404,0.570240393161633,0.6430437154350873,0.5250565683803491,-0.0001458588800876183
24061273161.11195,0.5207919641692556,0.5700571330259887,0.6424501334491408,0.5245398382952696,-0.0002362918243949802
25294921016.28518,0.5209768971719382,0.5698740457868956,0.6418582028270887,0.5240243281963204,-0.0003261995644522899
26591819349.53507,0.5211620256795094,0.5696911311846327,0.6412679158967876,0.5235100326526734,-0.0004155845969303183
27955211082.21892,0.5213473500442352,0.5695083889599604,0.6406792650360389,0.5229969462682715,-0.0005044494039096343
29388505403.82748,0.5215328706192288,0.56932581885412,0.6400922426721716,0.5224850636815372,-0.0005927964529916
30895286296.73445,0.5217185877584545,0.5691434206088335,0.6395068412816277,0.5219743795650829,-0.0006806281974082513
32479321498.0192,0.5219045018167299,0.568961193966302,0.6389230533895531,0.5214648886254247,-0.0007679470761310745
34144571920.77203,0.522090613149729,0.5687791386692057,0.6383408715693918,0.5209565856027004,-0.0008547555139786951
35895201558.44005,0.5222769221139857,0.5685972544607034,0.6377602884424847,0.5204494652703882,-0.0009410559217234917
37735587896.97966,0.5224634290668958,0.5684155410844313,0.6371812966776723,0.5199435224350295,-0.001026850696197147
39670332860.85166,0.522650134366721,0.5682339982845024,0.6366038889909019,0.519438751935955,-0.001112142220395149
41704274320.22937,0.5228370383725912,0.5680526258055063,0.6360280581448379,0.5189351486450126,-0.001196932863580263
43842498188.19402,0.5230241414445077,0.5678714233925082,0.6354537969484765,0.5184327074662981,-0.001281224981384969
46090351138.16661,0.5232114439433464,0.5676903907910481,0.6348810982567644,0.5179314233358899,-0.0013650209159129
48453453973.37637,0.5233989462308606,0.5675095277471404,0.6343099549702215,0.5174312912215846,-0.001448322995839274
50937715681.79664,0.5235866486696841,0.5673288340072729,0.6337403600345666,0.5169323061226366,-0.001531133536510346
53549348211.69258,0.5237745516233343,0.5671483093184064,0.6331723064403475,0.5164344630694999,-0.001613454840041879
56294882004.72758,0.5239626554562153,0.566967953427974,0.632605787222575,0.5159377571235723,-0.001695289195416665
59181182325.46892,0.5241509605336209,0.56678776608388,0.6320407954603597,0.5154421833769424,-0.00177663887858108
62215466428.12513,0.5243394672217375,0.5666077470344998,0.6314773242765535,0.5149477369521392,-0.001857506152540711
65405321603.44086,0.5245281758876476,0.5664278960286785,0.6309153668373932,0.5144544130018843,-0.001937893267455057
68758724150.87578,0.5247170868993323,0.5662482128157309,0.6303549163521498,0.513962206708846,-0.0020178024607313
72284059323.50783,0.5249062006256752,0.5660686971454404,0.6297959660727788,0.5134711132853962,-0.00209723595711719
75990142295.53369,0.5250955174364648,0.5658893487680582,0.6292385092935757,0.5129811279733704,-0.00217619596879302
79886240204.79584,0.525285037702398,0.5657101674343028,0.6286825393508347,0.5124922460438288,-0.002254684695462722
83982095325.45419,0.5254747617950832,0.5655311528953594,0.62812804962251,0.5120044627968208,-0.002332704324444096
88287949428.74606,0.5256646900870433,0.5653523049028787,0.6275750335278807,0.5115177735611512,-0.002410257030758168
92814569392.7489,0.5258548229517191,0.5651736232089766,0.6270234845272197,0.5110321736941494,-0.002487344977217698
97573274125.18376,0.5260451607634723,0.5649951075662333,0.626473396121465,0.5105476585814399,-0.00256397031451485
102575962866.5804,0.5262357038975886,0.5648167577276926,0.6259247618518946,0.5100642236367161,-0.002640135181308022
107835144944.5763,0.5264264527302811,0.5646385734468612,0.6253775752998044,0.5095818643015155,-0.002715841704307863
113363971053.7523,0.5266174076386936,0.5644605544777079,0.6248318300861897,0.5091005760449977,-0.002791091998362469
119176266139.2181,0.5268085690009034,0.564282700574663,0.6242875198714288,0.5086203543637242,-0.00286588816654178
125286563966.1768,0.5269999371959251,0.5641050114926172,0.6237446383549711,0.5081411947814406,-0.00294023230022118
131710143461.9076,0.527191512603713,0.5639274869869212,0.6232031792750267,0.5076630928488606,-0.003014126479164322
138463066921.0431,0.5273832956051654,0.5637501268133851,0.6226631364082604,0.5071860441434524,-0.003087572771605164
145562220169.6719,0.5275752865821269,0.5635729307282771,0.6221245035694877,0.5067100442692272,-0.003160573234329249
153025354788.6993,0.5277674859173925,0.5633958984883233,0.621587274611374,0.5062350888565296,-0.003233129912754225
160871132502.0461,0.5279598939947102,0.5632190298507065,0.6210514434241368,0.50576117356183,-0.003305244841009614
169119171840.6787,0.5281525111987847,0.5630423245730657,0.6205170039352509,0.5052882940675193,-0.003376920042015846
177790097199.1556,0.5283453379152806,0.5628657824134954,0.619983950109156,0.5048164460817048,-0.00344815752756256
186905590407.3564,0.5285383745308256,0.5626894031305447,0.6194522759469673,0.5043456253380095,-0.00351895929838618
196488444946.3498,0.5287316214330143,0.5625131864832166,0.6189219754861892,0.5038758275953718,-0.003589327344246779
206562622943.9693,0.5289250790104109,0.5623371322309672,0.6183930428004313,0.5034070486378479,-0.003659263644004238
217153315092.614,0.5291187476525526,0.5621612401337048,0.6178654719991271,0.5029392842744164,-0.003728770165693702
228287003639.1007,0.5293126277499539,0.5619855099517896,0.6173392572272557,0.5024725303387837,-0.003797848866600355
239991528604.075,0.5295067196941088,0.5618099414460324,0.6168143926650659,0.5020067826891925,-0.003866501693333504
252296157396.564,0.5297010238774948,0.561634534377694,0.616290872527803,0.5015420372082314,-0.00393473058189999
265231657997.744,0.5298955406935765,0.5614592885084847,0.6157686910654383,0.5010782898026461,-0.004002537457776942
278830375896.9191,0.5300902705368082,0.5612842036005632,0.6152478425624008,0.5006155364031531,-0.004069924235983855
293126314972.0933,0.5302852138026384,0.5611092794165359,0.6147283213373119,0.500153772964255,-0.004136892821154034
308155222517.3765,0.5304803708875122,0.5609345157194562,0.614210121742722,0.4996929954640568,-0.004203445107605382
323954678629.8403,0.5306757421888756,0.5607599122728237,0.6136932381648506,0.4992331999040848,-0.004269582979410554
340564190179.3349,0.5308713281051785,0.5605854688405835,0.613177665023327,0.4987743823091072,-0.004335308310466486
358025289596.2424,0.5310671290358783,0.5604111851871251,0.6126633967709362,0.4983165387269556,-0.004400622964563294
376381638724.1855,0.5312631453814434,0.560237061077282,0.6121504278933642,0.497859665228349,-0.00446552879545256
395679137997.3795,0.5314593775433568,0.5600630962763308,0.6116387529089476,0.4974037579067189,-0.004530027646915016
415966041215.6255,0.5316558259241195,0.5598892905499904,0.6111283663684253,0.4969488128780367,-0.004594121352827613
437293076203.9453,0.531852490927254,0.5597156436644211,0.6106192628546914,0.4964948262806417,-0.004657811737230005
459713571658.5662,0.5320493729573078,0.5595421553862239,0.6101114369825521,0.4960417942750718,-0.004721100614390443
483283590496.4391,0.5322464724198573,0.5593688254824398,0.6096048833984833,0.4955897130438948,-0.004783989788871081
508062070041.7333,0.5324437897215112,0.5591956537205491,0.6090995967803914,0.4951385787915423,-0.004846481055592715
534110969399.8456,0.5326413252699136,0.5590226398684703,0.6085955718373758,0.4946883877441441,-0.004908576199898944
561495424387.4371,0.5328390794737484,0.5588497836945595,0.6080928033094941,0.4942391361493647,-0.004970276997619775
590283910405.9023,0.5330370527427425,0.5586770849676095,0.6075912859675289,0.4937908202762415,-0.005031585215134668
620548413665.5402,0.5332352454876694,0.5585045434568492,0.6070910146127569,0.4933434364150239,-0.005092502609435028
652364611188.5754,0.5334336581203529,0.5583321589319427,0.6065919840767208,0.4928969808770145,-0.005153030928186159
685812060041.1328,0.5336322910536708,0.5581599311629885,0.6060941892210019,0.4924514499944112,-0.005213171909788674
720974396267.3418,0.5338311447015586,0.5579878599205186,0.6055976249369963,0.4920068401201511,-0.005272927283439372
757939544023.011,0.5340302194790129,0.5578159449754981,0.6051022861456921,0.4915631476277559,-0.005332298769191592
796799935431.8151,0.5342295158020954,0.557644186099324,0.6046081677974487,0.4911203689111784,-0.00539128807801504
837652741713.75,0.5344290340879367,0.5574725830638244,0.6041152648717792,0.4906785003846507,-0.005449896911855108
880600116163.797,0.5346287747547398,0.557301135641258,0.6036235723771333,0.4902375384825334,-0.005508126963691675
925749449588.3698,0.5348287382217837,0.5571298436043133,0.6031330853506827,0.4897974796591669,-0.00556597991759741
973213638838.267,0.5350289249094273,0.5569587067261071,0.602643798858109,0.4893583203887231,-0.00562345744879557
1023111369109.605,0.5352293352391136,0.556787724780185,0.6021557079933931,0.4889200571650591,-0.005680561223717311
1075567410718.631,0.5354299696333727,0.5566168975405194,0.6016688078786062,0.4884826865015722,-0.005737292900058502
1130712931092.497,0.5356308285158262,0.5564462247815092,0.601183093663703,0.488046204931056,-0.005793654126836066
1188685822756.158,0.5358319123111907,0.5562757062779791,0.600698560526317,0.4876106090055576,-0.005849646544443836
1249631048135.503,0.5360332214452816,0.5561053418051786,0.600215203671557,0.4871758952962369,-0.005905271784707935
1313701002038.931,0.5362347563450174,0.5559351311387812,0.5997330183318061,0.486742060393226,-0.005960531470941702
1381055892723.75,0.5364365174384229,0.555765074054884,0.5992519997665221,0.4863091009054909,-0.006015427218000138
1451864142500.266,0.5366385051546336,0.555595170330006,0.5987721432620398,0.485877013460694,-0.006069960632333906
1526302808875.292,0.5368407199238993,0.5554254197410885,0.5982934441313748,0.4854457947050577,-0.006124133312042872
1604558027288.135,0.537043162177588,0.5552558220654933,0.5978158977140297,0.4850154413032293,-0.006177946846929201
1686825476546.148,0.53724583234819,0.5550863770810024,0.5973394993758013,0.4845859499381477,-0.006231402818550008
1773310868123.68,0.5374487308693218,0.554917084565817,0.5968642445085902,0.48415731731091,-0.006284502800269565
1864230460547.901,0.5376518581757297,0.5547479442985569,0.5963901285302111,0.4837295401406407,-0.006337248357311086
1959811600157.774,0.5378552147032942,0.5545789560582596,0.5959171468842061,0.4833026151643612,-0.006389641046808069
2060293289588.314,0.5380588008890339,0.5544101196243792,0.5954452950396582,0.4828765391368605,-0.006441682417855221
2165926785401.674,0.5382626171711093,0.5542414347767864,0.5949745684910079,0.4824513088305675,-0.006493374011558955
2276976226359.417,0.5384666639888269,0.5540729012957668,0.5945049627578705,0.482026921035424,-0.00654471736108748
2393719293907.008,0.5386709417826433,0.5539045189620204,0.5940364733848548,0.481603372558759,-0.006595713991720472
2516447906522.064,0.5388754509941691,0.5537362875566613,0.5935690959413842,0.4811806602251641,-0.006646365420898335
2645468949662.603,0.5390801920661732,0.553568206861216,0.593102826021519,0.4807587808763699,-0.006696673158271066
2781105043140.535,0.5392851654425865,0.5534002766576235,0.5926376592437801,0.4803377313711236,-0.006746638705746714
2923695347839.242,0.5394903715685063,0.5532324967282339,0.5921735912509744,0.4799175085850678,-0.006796263557539446
3073596413792.443,0.5396958108902004,0.5530648668558079,0.5917106177100214,0.4794981094106198,-0.006845549200217223
3231183071745,0.5399014838551109,0.5528973868235156,0.5912487343117824,0.4790795307568527,-0.006894497112749084
3396849370425.017,0.5401073909118589,0.5527300564149364,0.5907879367708895,0.478661769549377,-0.006943108766552051
3571009561870.917,0.5403135325102479,0.5525628754140576,0.5903282208255773,0.4782448227302236,-0.006991385625537653
3754099137277.307,0.5405199091012688,0.5523958436052736,0.5898695822375162,0.4778286872577272,-0.007039329146158075
3946575915949.804,0.5407265211371034,0.5522289607733857,0.5894120167916457,0.4774133601064118,-0.007086940777451933
4148921190091.764,0.5409333690711291,0.5520622267036006,0.5889555202960109,0.4769988382668759,-0.007134221961089682
4361640928285.491,0.5411404533579227,0.5518956411815301,0.5885000885815996,0.4765851187456798,-0.007181174131418664
4585267040677.23,0.5413477744532651,0.55172920399319,0.5880457175021805,0.4761721985652329,-0.007227798715507784
4820358709029.603,0.541555332814145,0.5515629149249994,0.5875924029341429,0.4757600747636831,-0.007274097133191845
5067503784967.27,0.5417631288987638,0.5513967737637799,0.5871401407763389,0.475348744394806,-0.007320070797115515
5327320259912.197,0.5419711631665391,0.5512307802967549,0.5866889269499251,0.4749382045278956,-0.007365721112776951
5600457810384.104,0.5421794360781101,0.5510649343115486,0.5862387573982073,0.4745284522476565,-0.007411049478571077
5887599422530.169,0.5423879480953409,0.5508992355961855,0.5857896280864852,0.4741194846540955,-0.007456057285832519
6189463099946.141,0.5425966996813252,0.5507336839390893,0.5853415350018994,0.473711298862416,-0.007500745918878193
6506803659059.328,0.5428056913003909,0.5505682791290823,0.5848944741532797,0.4733038920029115,-0.007545116755049571
6840414616562.83,0.5430149234181043,0.5504030209553846,0.5844484415709936,0.4728972612208616,-0.007589171164754601
7191130173620.592,0.5432243965012744,0.5502379092076131,0.5840034333067976,0.4724914036764278,-0.007632910511509305
7559827301804.833,0.5434341110179574,0.550072943675781,0.5835594454336883,0.4720863165445504,-0.007676336151979048
7947427935981.771,0.543644067437461,0.5499081241502967,0.5831164740457561,0.4716819970148467,-0.007719449436019483
8354901279629.005,0.5438542662303492,0.5497434504219634,0.5826745152580389,0.4712784422915098,-0.00776225170671718
8783266228349.036,0.5440647078684464,0.5495789222819779,0.5822335652063783,0.4708756495932079,-0.007804744300429935
9233593917639.004,0.5442753928248422,0.5494145395219302,0.5817936200472755,0.4704736161529851,-0.007846928546826766
9707010401287.35,0.5444863215738955,0.5492503019338023,0.5813546759577501,0.4700723392181625,-0.007888805768927599
10204699467094.83,0.5446974945912395,0.5490862093099678,0.5809167291351989,0.4696718160502406,-0.007930377283142647
10727905596960.62,0.5449089123537858,0.5489222614431906,0.5804797757972557,0.4692720439248019,-0.007971644399311483
11277937078735.28,0.5451205753397292,0.5487584581266248,0.580043812181654,0.468873020131415,-0.008012608420741814
11856169277621.86,0.5453324840285525,0.5485947991538135,0.5796088345460885,0.4684747419735392,-0.008053270644247951
12464048075305.27,0.5455446389010304,0.5484312843186878,0.5791748391680793,0.4680772067684295,-0.008093632360188993
13103093485409.66,0.545757040439235,0.5482679134155666,0.5787418223448373,0.4676804118470433,-0.008133694852506706
13774903454324.16,0.5459696891265398,0.5481046862391552,0.5783097803931295,0.467284354553947,-0.008173459398763121
14481157856901.25,0.5461825854476244,0.5479416025845451,0.5778787096491468,0.4668890322472238,-0.00821292727017784
15223622697018.86,0.5463957298884797,0.5477786622472126,0.5774486064683717,0.4664944422983822,-0.008252099731665064
16004154523509.95,0.546609122936412,0.5476158650230187,0.5770194672254483,0.4661005820922654,-0.008290978041870329
16824705072501.62,0.5468227650800479,0.5474532107082078,0.5765912883140522,0.4657074490269611,-0.008329563453206972
17687326147772.05,0.5470366568093392,0.5472906990994071,0.5761640661467624,0.4653150405137123,-0.008367857211892316
18594174751328.65,0.5472507986155676,0.5471283299936256,0.5757377971549338,0.4649233539768289,-0.008405860557983581
19547518477036.67,0.547465190991349,0.5469661031882537,0.5753124777885705,0.4645323868535999,-0.008443574725413528
20549741180784.95,0.5476798344306394,0.5468040184810623,0.5748881045162012,0.4641421365942062,-0.008481000942025831
21603348941367.33,0.5478947294287383,0.5466420756702018,0.574464673824754,0.4637526006616343,-0.008518140429610181
22710976326985.07,0.5481098764822947,0.5464802745542017,0.5740421822194336,0.4633637765315908,-0.008554994403937132
23875392983039.54,0.5483252760893114,0.5463186149319693,0.5736206262235993,0.4629756616924172,-0.008591564074792678
25099510557688.43,0.5485409287491497,0.5461570966027895,0.5732000023786433,0.4625882536450059,-0.008627850646012583
26386389982482.72,0.5487568349625351,0.5459957193663236,0.5727803072438704,0.4622015499027167,-0.008663855315516443
27739249126289.97,0.5489729952315614,0.5458344830226088,0.5723615373963788,0.4618155479912937,-0.0086995792753415
29161470841642.54,0.5491894100596958,0.5456733873720572,0.5719436894309421,0.4614302454487829,-0.008735023711676209
30656611423631.04,0.5494060799517841,0.5455124322154551,0.5715267599598913,0.4610456398254515,-0.008770189804893542
32228409502494.36,0.5496230054140558,0.5453516173539624,0.5711107456129991,0.460661728683706,-0.008805078729584059
33880795392142.75,0.5498401869541286,0.5451909425891116,0.5706956430373636,0.4602785095980128,-0.008839691654588732
35617900917989.67,0.5500576250810136,0.5450304077228072,0.5702814488972947,0.459895980154818,-0.008874029743031519
37444069748667.62,0.5502753203051207,0.5448700125573247,0.5698681598741996,0.4595141379524691,-0.008908094152351706
39363868257462.16,0.5504932731382634,0.5447097568953101,0.5694557726664705,0.4591329806011361,-0.008941886034336009
41382096940623.64,0.5507114840936634,0.5445496405397791,0.5690442839893732,0.4587525057227343,-0.008975406535150441
43503802421108.35,0.5509299536859569,0.544389663294116,0.5686336905749355,0.458372710950847,-0.009008656795371942
45734290067764.54,0.5511486824311984,0.5442298249620735,0.5682239891718376,0.4579935939306493,-0.00904163795001978
48079137261517.97,0.5513676708468669,0.5440701253477713,0.5678151765453028,0.457615152318832,-0.009074351128586728
50544207341729.38,0.5515869194518704,0.5439105642556961,0.5674072494769895,0.4572373837835267,-0.009106797455070002
53135664267596.97,0.5518064287665515,0.5437511414906998,0.5670002047648838,0.4568602860042311,-0.00913897804800199
55859988031265.03,0.5520261993126921,0.5435918568579999,0.5665940392231925,0.4564838566717348,-0.009170894020480743
58723990861179.61,0.5522462316135195,0.5434327101631778,0.5661887496822382,0.4561080934880462,-0.009202546480200252
61734834256207.95,0.5524665261937107,0.5432737012121787,0.5657843329883537,0.4557329941663195,-0.009233936529480506
64900046893115.9,0.5526870835793984,0.5431148298113102,0.5653807860037787,0.4553585564307824,-0.009265065265297337
68227543452181.38,0.552907904298176,0.5429560957672424,0.564978105606556,0.4549847780166647,-0.00929593377931204
71725644408017.59,0.553128988879103,0.5427974988870061,0.5645762886904296,0.4546116566701267,-0.009326543157900784
75403096835093.53,0.5533503378527103,0.5426390389779931,0.564175332164743,0.4542391901481892,-0.00935689448218382
79269096279976.34,0.5535719517510054,0.5424807158479548,0.5637752329543384,0.453867376218663,-0.009386988828054469
83333309754987.11,0.5537938311074784,0.5423225293050011,0.5633759879994569,0.4534962126600799,-0.009416827266207911
87605899910767.88,0.5540159764571068,0.5421644791576009,0.5629775942556391,0.4531256972616236,-0.009446410862169755
92097550448200.91,0.5542383883363611,0.54200656521458,0.562580048693627,0.452755827823061,-0.009475740676324423
96819492833226.08,0.5544610672832105,0.5418487872851213,0.5621833482992662,0.4523866021546751,-0.009504817763943322
101783534381355.9,0.5546840138371283,0.5416911451787635,0.5617874900734092,0.4520180180771973,-0.009533643175212818
107002087782114.4,0.5549072285390971,0.5415336387054005,0.5613924710318193,0.4516500734217405,-0.009562217955262006
112488202137226.7,0.5551307119316149,0.5413762676752809,0.5609982882050751,0.4512827660297331,-0.009590543144190295
118255595590169.8,0.5553544645587001,0.5412190318990069,0.5606049386384762,0.4509160937528532,-0.009618619777094791
124318689628677.1,0.5555784869658974,0.5410619311875338,0.5602124193919489,0.4505500544529635,-0.009646448884097485
130692645145969.7,0.5558027797002836,0.5409049653521689,0.5598207275399536,0.4501846460020463,-0.009674031490372251
137393400350885.8,0.5560273433104728,0.5407481342045715,0.5594298601713923,0.4498198662821397,-0.009701368616171664
144437710621705.3,0.5562521783466223,0.5405914375567512,0.5590398143895166,0.4494557131852733,-0.009728461276853612
151843190403322.6,0.5564772853604384,0.5404348752210679,0.558650587311837,0.4490921846134058,-0.009755310482907736
159628357252533.9,0.5567026649051817,0.5402784470102308,0.5582621760700328,0.4487292784783616,-0.009781917239981676
167812678141574.5,0.5569283175356734,0.5401221527372976,0.557874577809862,0.4483669927017687,-0.009808282548907145
176416618135689.3,0.5571542438083006,0.5399659922156738,0.5574877896910732,0.4480053252149971,-0.009834407405725809
185461691566456,0.5573804442810224,0.5398099652591121,0.5571018088873164,0.4476442739590976,-0.009860292801714989
194970515828819.6,0.5576069195133755,0.5396540716817115,0.5567166325860567,0.4472838368847405,-0.009885939723413199
204966867936361.6,0.55783367006648,0.5394983112979168,0.5563322579884867,0.4469240119521559,-0.009911349152645483
215475743976218,0.5580606965030457,0.5393426839225174,0.5559486823094403,0.4465647971310731,-0.009936522066548598
226523421612317.5,0.5582879993873774,0.539187189370647,0.5555659027773076,0.4462061904006617,-0.009961459437596009
238137525793228.7,0.5585155792853812,0.5390318274577829,0.5551839166339496,0.4458481897494725,-0.009986162233622722
250347097828920.5,0.5587434367645704,0.5388765979997449,0.5548027211346147,0.445490793175379,-0.01001063141784993
263182668009164.2,0.5589715723940714,0.5387215008126949,0.5544223135478543,0.4451339986855191,-0.01003486794890953
276676331945160.4,0.5591999867446296,0.538566535713136,0.5540426911554406,0.4447778042962374,-0.01005887278086839
290861830825284.8,0.5594286803886156,0.5384117025179119,0.5536638512522837,0.4444222080330286,-0.01008264686325255
305774635785633.9,0.5596576539000312,0.5382570010442062,0.5532857911463505,0.44406720793048,-0.01010619114107118
321452036606341.8,0.5598869078545154,0.5381024311095413,0.5529085081585832,0.4437128020322157,-0.01012950655484044
337933234955453.8,0.5601164428293507,0.5379479925317783,0.5525319996228193,0.4433589883908403,-0.01015259404060708
355259442413515.4,0.5603462594034689,0.5377936851291159,0.5521562628857114,0.4430057650678835,-0.010175454529972
373473983523990.3,0.5605763581574577,0.5376395087200895,0.5517812953066482,0.4426531301337452,-0.01019808895011355
392622404127185.3,0.5608067396735663,0.537485463123571,0.551407094257676,0.4423010816676408,-0.01022049822381075
412752585248575.3,0.5610374045357124,0.5373315481587677,0.5510336571234202,0.4419496177575465,-0.01024268326946625
433914862826306.9,0.5612683533294877,0.5371777636452217,0.5506609813010086,0.4415987365001461,-0.01026464500112928
456162153577262.4,0.5614995866421644,0.5370241094028092,0.5502890641999938,0.4412484360007773,-0.01028638432851831
479550087316415.6,0.5617311050627017,0.5368705852517397,0.5499179032422774,0.4408987143733784,-0.01030790215704361
504137146060344.8,0.5619629091817522,0.5367171910125554,0.5495474958620342,0.4405495697404359,-0.01032919938782969
529984810262736.9,0.5621949995916676,0.5365639265061306,0.549177839505637,0.4402010002329324,-0.01035027691773755
557157712547544.9,0.5624273768865059,0.5364107915536707,0.5488089316315821,0.4398530039902944,-0.01037113563938675
585723799324213.6,0.5626600416620373,0.5362577859767115,0.5484407697104151,0.4395055791603408,-0.01039177644117744
615754500689094.5,0.5628929945157507,0.5361049095971189,0.5480733512246579,0.4391587238992324,-0.0104122002073121
647324909037893.9,0.5631262360468603,0.5359521622370879,0.5477066736687353,0.4388124363714203,-0.01043240781781726
680513966835774.8,0.5633597668563122,0.5357995437191417,0.5473407345489026,0.438466714749596,-0.01045240014856502
715404664014640.1,0.5635935875467905,0.5356470538661315,0.5469755313831743,0.4381215572146418,-0.01047217807129439
752084245491189.8,0.5638276987227243,0.5354946925012354,0.5466110617012524,0.4377769619555804,-0.01049174245363257
790644429324655.6,0.5640621009902942,0.5353424594479577,0.5462473230444556,0.4374329271695263,-0.01051109415911602
831181636059724.1,0.5642967949574388,0.5351903545301284,0.5458843129656492,0.4370894510616364,-0.01053023404721143
873797229828121.1,0.5645317812338612,0.5350383775719028,0.5455220290291753,0.4367465318450621,-0.01054916297333654
918597771811739,0.564767060431036,0.5348865283977599,0.5451604688107837,0.4364041677409005,-0.01056788178888082
965695286701096.9,0.5650026331622159,0.5347348068325025,0.5447996298975629,0.4360623569781472,-0.010586391341226
1015207542815418,0.5652385000424385,0.5345832127012563,0.5444395098878724,0.4357210977936481,-0.01060469247376647
1067258346584771,0.5654746616885327,0.5344317458294691,0.5440801063912744,0.4353803884320531,-0.0106227860259296
1121977852130632,0.5657111187191259,0.53428040604291,0.5437214170284669,0.4350402271457686,-0.01064067283319583
1179502886718982,0.565947871754651,0.5341291931676694,0.5433634394312173,0.4347006121949116,-0.01065835372711871
1239977292899746,0.5661849214173525,0.5339781070301571,0.5430061712422958,0.4343615418472633,-0.01067582953534476
1303552288188087,0.5664222683312943,0.5338271474571029,0.5426496101154094,0.4340230143782237,-0.01069310108163321
1370386843186961,0.5666599131223657,0.533676314275555,0.5422937537151372,0.4336850280707654,-0.01071016918587565
1440648079096431,0.5668978564182894,0.5335256073128797,0.5419385997168656,0.4333475812153894,-0.01072703466411549
1514511685603714,0.5671360988486274,0.5333750263967608,0.5415841458067236,0.4330106721100799,-0.01074369832856733
1592162360198912,0.5673746410447889,0.5332245713551987,0.5412303896815192,0.4326742990602597,-0.0107601609876362
1673794270014943,0.5676134836400369,0.5330742420165098,0.5408773290486757,0.4323384603787464,-0.01077642344593666
1759611537346511,0.5678526272694956,0.5329240382093257,0.5405249616261695,0.4320031543857084,-0.01079248650431181
1849828750062163,0.5680920725701569,0.5327739597625928,0.540173285142467,0.4316683794086215,-0.01080835095985214
1944671498185734,0.5683318201808883,0.5326240065055715,0.5398222973364627,0.4313341337822255,-0.01082401760591425
2044376937988916,0.5685718707424398,0.5324741782678355,0.5394719959574179,0.4310004158484816,-0.01083948723213952
2149194385005461,0.5688122248974505,0.5323244748792709,0.5391223787648992,0.4306672239565297,-0.01085476062447257
2259385937449880,0.5690528832904572,0.5321748961700761,0.5387734435287183,0.4303345564626461,-0.01086983856517965
2375227131599498,0.5692938465679004,0.5320254419707605,0.5384251880288712,0.4300024117302016,-0.01088472183286693
2497007630778676,0.5695351153781322,0.5318761121121443,0.5380776100554789,0.4296707881296197,-0.01089941120249858
2625031949667990,0.5697766903714235,0.5317269064253575,0.5377307074087277,0.4293396840383354,-0.01091390744541489
2759620215749552,0.5700185721999718,0.5315778247418396,0.5373844778988105,0.4290090978407542,-0.01092821132935009
2901108969792464,0.5702607615179077,0.5314288668933385,0.5370389193458678,0.4286790279282111,-0.01094232361845022
3049852007380032,0.5705032589813035,0.5312800327119102,0.5366940295799302,0.4283494726989299,-0.01095624507329078
3206221263583015,0.5707460652481797,0.5311313220299179,0.5363498064408603,0.4280204305579837,-0.01096997645089431
3370607742991028,0.5709891809785133,0.5309827346800314,0.5360062477782955,0.4276918999172543,-0.01098351850474783
3543422497427684,0.5712326068342445,0.5308342704952268,0.5356633514515913,0.4273638791953928,-0.01099687198482022
3725097653794260,0.5714763434792853,0.5306859293087851,0.5353211153297643,0.4270363668177803,-0.01101003763757943
3916087494612034,0.5717203915795264,0.5305377109542921,0.5349795372914371,0.4267093612164888,-0.01102301620600964
4116869593965219,0.571964751802845,0.5303896152656378,0.5346386152247814,0.4263828608302421,-0.01103580842962824
4327946011684920,0.5722094248191127,0.5302416420770152,0.5342983470274637,0.4260568641043777,-0.01104841504450276
4549844548760234,0.5724544113002032,0.5300937912229203,0.53395873060659,0.4257313694908083,-0.01106083678326768
4783120067115634,0.5726997119199999,0.529946062538151,0.5336197638786514,0.4254063754479837,-0.01107307437514111
5028355877054800,0.5729453273544037,0.5297984558578067,0.5332814447694697,0.4250818804408533,-0.01108512854594141
5286165195840208,0.5731912582813412,0.5296509710172874,0.532943771214144,0.4247578829408284,-0.01109700001810363
5557192681055700,0.5734375053807721,0.5295036078522933,0.5326067411569975,0.4244343814257452,-0.01110868951069595
5842116042586226,0.5736840693346975,0.5293563661988241,0.5322703525515239,0.4241113743798275,-0.01112019773943592
6141647737245563,0.5739309508271677,0.5292092458931782,0.5319346033603353,0.4237888602936504,-0.01113152541670666
6456536750289452,0.5741781505442901,0.5290622467719522,0.5315994915551098,0.4234668376641038,-0.01114267325157289
6787570468268864,0.5744256691742375,0.5289153686720404,0.5312650151165396,0.4231453049943557,-0.011153641949797
7135576647906511,0.574673507407256,0.5287686114306336,0.5309311720342795,0.4228242607938169,-0.0111644322138548
7501425485919811,0.574921665935673,0.5286219748852192,0.530597960306896,0.4225037035781051,-0.01117504474295141
7886031794965946,0.5751701454539055,0.5284754588735801,0.5302653779418159,0.4221836318690093,-0.01118548023303687
8290357291150011,0.5754189466584685,0.528329063233794,0.5299334229552765,0.4218640441944546,-0.01119573937682172
8715412998816213,0.5756680702479826,0.5281827878042333,0.5296020933722749,0.4215449390884675,-0.01120582286379252
9162261778635346,0.5759175169231829,0.5280366324235638,0.5292713872265191,0.4212263150911408,-0.0112157313802272
9632020985310092,0.576167287386927,0.5278905969307445,0.5289413025603776,0.4209081707485995,-0.01122546560921036
1.012586526154378e+016,0.5764173823442034,0.5277446811650266,0.5286118374248311,0.4205905046129663,-0.01123502623064848
1.0645029475259e+016,0.5766678025021398,0.5275988849659535,0.5282829898794233,0.4202733152423276,-0.01124441392128498
1.119081180741059e+016,0.5769185485700117,0.5274532081733596,0.5279547579922131,0.4199566012006998,-0.01125362935471527
1.176457699811425e+016,0.5771696212592506,0.5273076506273697,0.5276271398397259,0.4196403610579957,-0.01126267320140162
1.236775975920769e+016,0.577421021283453,0.5271622121683988,0.5273001335069061,0.4193245933899913,-0.01127154612868803
1.30018683617775e+016,0.5776727493583881,0.5270168926371509,0.52697373708707,0.4190092967782923,-0.01128024880081492
1.366848840762253e+016,0.5779248062020074,0.526871691874619,0.5266479486818584,0.4186944698103018,-0.01128878187893377
1.436928679408427e+016,0.5781771925344524,0.526726609722084,0.5263227664011901,0.4183801110791872,-0.01129714602112168
1.510601588215845e+016,0.5784299090780641,0.526581646021114,0.5259981883632154,0.418066219183848,-0.01130534188239582
1.58805178783103e+016,0.578682956557391,0.5264368006135643,0.5256742126942699,0.4177527927288834,-0.01131337011472782
1.669472944095028e+016,0.5789363356991981,0.5262920733415762,0.5253508375288288,0.4174398303245607,-0.011321231367058
1.755068652308883e+016,0.5791900472324759,0.5261474640475767,0.5250280610094613,0.4171273305867828,-0.01132892628530962
1.845052946327946e+016,0.5794440918884491,0.5260029725742776,0.5247058812867857,0.4168152921370574,-0.01133645551240294
1.939650833757987e+016,0.5796984704005853,0.5258585987646751,0.5243842965194246,0.4165037136024652,-0.01134381968826925
2.039098858591423e+016,0.5799531835046041,0.5257143424620493,0.5240633048739599,0.4161925936156289,-0.01135101944986482
2.143645692690498e+016,0.580208231938486,0.5255702035099631,0.5237429045248888,0.4158819308146824,-0.01135805543118472
2.253552757596475e+016,0.5804636164424817,0.5254261817522623,0.5234230936545802,0.4155717238432395,-0.01136492826327661
2.369094878219652e+016,0.5807193377591204,0.5252822770330743,0.5231038704532304,0.4152619713503642,-0.01137163857425437
2.49056097004479e+016,0.5809753966332198,0.5251384891968079,0.5227852331188202,0.4149526719905399,-0.01137818698931178
2.618254761570312e+016,0.5812317938118946,0.5249948180881527,0.5224671798570719,0.414643824423639,-0.01138457413073591
2.75249555378776e+016,0.581488530044566,0.5248512635520783,0.5221497088814062,0.4143354273148938,-0.01139080061792065
2.893619018600582e+016,0.5817456060829708,0.5247078254338338,0.5218328184129,0.4140274793348661,-0.01139686706738003
3.041978038178739e+016,0.5820030226811705,0.524564503578947,0.521516506680244,0.4137199791594178,-0.01140277409276145
3.197943587347941e+016,0.5822607805955613,0.5244212978332243,0.521200771919701,0.4134129254696818,-0.01140852230485889
3.361905661219936e+016,0.5825188805848824,0.5242782080427496,0.5208856123750643,0.4131063169520329,-0.01141411231162604
3.534274250383434e+016,0.5827773234102264,0.524135234053884,0.5205710262976159,0.4128001522980582,-0.01141954471818928
3.715480366094133e+016,0.5830361098350479,0.5239923757132648,0.5202570119460861,0.4124944302045294,-0.01142482012686063
3.905977118027358e+016,0.583295240625174,0.5238496328678056,0.5199435675866123,0.4121891493733733,-0.01142993913715065
4.106240847288272e+016,0.5835547165488127,0.5237070053646949,0.5196306914926985,0.411884308511644,-0.01143490234578121
4.316772317512744e+016,0.5838145383765636,0.5235644930513963,0.5193183819451751,0.4115799063314944,-0.01143971034669818
4.538097967037279e+016,0.5840747068814265,0.5234220957756471,0.5190066372321591,0.4112759415501486,-0.01144436373108411
4.770771225269073e+016,0.5843352228388119,0.5232798133854584,0.5186954556490141,0.4109724128898734,-0.01144886308737074
5.015373896547791e+016,0.5845960870265503,0.5231376457291141,0.518384835498311,0.4106693190779513,-0.01145320900125151
5.272517614959474e+016,0.5848573002249022,0.5229955926551706,0.5180747750897889,0.4103666588466529,-0.01145740205569396
5.54284537374033e+016,0.5851188632165679,0.5228536540124559,0.5177652727403159,0.4100644309332093,-0.01146144283095208
5.827033133094752e+016,0.5853807767866971,0.5227118296500692,0.5174563267738508,0.4097626340797854,-0.01146533190457852
6.125791510447922e+016,0.585643041722899,0.5225701194173804,0.5171479355214044,0.4094612670334529,-0.01146906985143682
6.439867557359508e+016,0.5859056588152528,0.5224285231640293,0.5168400973210014,0.4091603285461632,-0.01147265724371349
6.770046627541699e+016,0.5861686288563166,0.5222870407399252,0.5165328105176429,0.4088598173747213,-0.01147609465093009
7.117154340652546e+016,0.5864319526411385,0.522145671995246,0.5162260734632678,0.4085597322807592,-0.01147938263995513
7.482058646775158e+016,0.5866956309672662,0.5220044167804382,0.5159198845167164,0.4082600720307095,-0.01148252177501602
7.86567199674501e+016,0.5869596646347573,0.5218632749462159,0.5156142420436929,0.4079608353957796,-0.01148551261771084
8.268953623752293e+016,0.5872240544461897,0.5217222463435601,0.515309144416728,0.4076620211519256,-0.01148835572702015
8.692911941924546e+016,0.5874888012066716,0.5215813308237186,0.5150045900151431,0.4073636280798268,-0.01149105165931863
9.138607067887222e+016,0.5877539057238517,0.521440528238205,0.5147005772250131,0.40706565496486,-0.01149360096838668
9.607153471607456e+016,0.5880193688079302,0.5212998384387983,0.5143971044391306,0.4067681005970739,-0.011496004205422
1.009972276314947e+017,0.5882851912716685,0.5211592612775425,0.51409417005697,0.4064709637711642,-0.01149826191905103
1.061754662231e+017,0.5885513739304002,0.5210187966067457,0.5137917724846517,0.4061742432864484,-0.01150037465534036
1.116191987845935e+017,0.5888179176020416,0.5208784442789796,0.5134899101349063,0.405877937946841,-0.01150234295780807
1.173420374828926e+017,0.5890848231071018,0.5207382041470791,0.5131885814270398,0.4055820465608283,-0.01150416736743498
1.233582923956367e+017,0.5893520912686938,0.5205980760641417,0.5128877847868983,0.4052865679414444,-0.01150584842267587
1.296830072938348e+017,0.5896197229125452,0.5204580598835268,0.5125875186468335,0.4049915009062463,-0.01150738665947061
1.363319972591292e+017,0.5898877188670085,0.5203181554588553,0.5122877814456677,0.4046968442772899,-0.0115087826112552
1.433218882297375e+017,0.5901560799630725,0.520178362644009,0.5119885716286597,0.4044025968811057,-0.0115100368089728
1.506701585739577e+017,0.5904248070343727,0.5200386812931298,0.5116898876474709,0.4041087575486749,-0.01151114978108464
1.583951827951934e+017,0.5906939009172024,0.5198991112606195,0.5113917279601309,0.4038153251154055,-0.01151212205358093
1.665162774777833e+017,0.5909633624505237,0.519759652401139,0.5110940910310041,0.4035222984211088,-0.01151295414999159
1.750537495885229e+017,0.5912331924759783,0.5196203045696077,0.5107969753307563,0.4032296763099754,-0.01151364659139706
1.8402894725466e+017,0.5915033918378986,0.5194810676212035,0.5105003793363214,0.4029374576305526,-0.01151419989643894
1.934643131453313e+017,0.5917739613833192,0.5193419414113614,0.5102043015308683,0.4026456412357204,-0.01151461458133063
2.033834405899263e+017,0.5920449019619877,0.5192029257957734,0.5099087404037679,0.4023542259826688,-0.01151489115986782
2.138111325736992e+017,0.5923162144263761,0.5190640206303881,0.509613694450561,0.402063210732875,-0.01151503014343905
2.247734637581515e+017,0.5925878996316919,0.5189252257714099,0.5093191621729255,0.40177259435208,-0.01151503204103609
2.362978456812678e+017,0.5928599584358898,0.5187865410752982,0.5090251420786442,0.4014823757102667,-0.0115148973592643
2.484130953006382e+017,0.5931323916996827,0.5186479663987676,0.5087316326815732,0.4011925536816368,-0.01151462660235295
2.611495070508629e+017,0.5934052002865535,0.5185095015987867,0.5084386325016094,0.4009031271445886,-0.01151422027216545
2.745389285954181e+017,0.5936783850627666,0.5183711465325778,0.5081461400646597,0.400614094981695,-0.01151367886820953
2.886148404624034e+017,0.5939519468973792,0.5182329010576162,0.5078541539026092,0.4003254560796812,-0.01151300288764734
3.034124397633012e+017,0.5942258866622532,0.51809476503163,0.5075626725532902,0.4000372093294024,-0.01151219282530555
3.189687282040891e+017,0.5945002052320669,0.5179567383125991,0.507271694560451,0.3997493536258228,-0.01151124917368529
3.353226046087778e+017,0.5947749034843266,0.5178188207587552,0.5069812184737251,0.399461887867993,-0.01151017242297215
3.525149621867329e+017,0.5950499822993786,0.5176810122285805,0.5066912428486012,0.3991748109590291,-0.011508963061046
3.705887907869983e+017,0.5953254425604209,0.5175433125808081,0.5064017662463922,0.398888121806091,-0.01150762157349085
3.895892843953116e+017,0.5956012851535153,0.5174057216744206,0.5061127872342049,0.3986018193203612,-0.01150614844360463
4.095639541426086e+017,0.5958775109675994,0.5172682393686501,0.5058243043849107,0.3983159024170235,-0.01150454415240882
4.305627471075986e+017,0.5961541208944986,0.5171308655229775,0.505536316277115,0.3980303700152422,-0.01150280917865818
4.526381712104767e+017,0.596431115828938,0.5169935999971321,0.5052488214951283,0.3977452210381408,-0.01150094399885029
4.758454265100749e+017,0.5967084966685552,0.5168564426510908,0.504961818628936,0.3974604544127818,-0.01149894908723511
5.002425432327619e+017,0.5969862643139118,0.5167193933450777,0.5046753062741698,0.3971760690701455,-0.01149682491582444
5.258905268782346e+017,0.5972644196685063,0.5165824519395635,0.5043892830320783,0.3968920639451098,-0.01149457195440134
5.528535107650451e+017,0.5975429636387862,0.5164456182952654,0.5041037475094982,0.3966084379764298,-0.01149219067052951
5.811989163973014e+017,0.5978218971341606,0.5163088922731458,0.5038186983188255,0.3963251901067173,-0.01148968152956258
6.109976220535464e+017,0.5981012210670124,0.5161722737344124,0.5035341340779872,0.396042319282421,-0.0114870449946534
6.423241400193734e+017,0.5983809363527112,0.5160357625405176,0.5032500534104126,0.395759824453806,-0.01148428152676317
6.752568029069516e+017,0.5986610439096258,0.5158993585531577,0.5029664549450056,0.3954777045749344,-0.01148139158467068
7.098779595273577e+017,0.598941544659137,0.5157630616342725,0.502683337316116,0.3951959586036453,-0.01147837562498131
7.46274180805498e+017,0.59922243952565,0.5156268716460449,0.5024006991635127,0.3949145855015349,-0.01147523410213614
7.845364762525129e+017,0.5995037294366078,0.5154907884509002,0.502118539132355,0.3946335842339372,-0.01147196746842086
8.247605215369595e+017,0.5997854153225035,0.5153548119115058,0.5018368558731658,0.3943529537699049,-0.01146857617397479
8.670468977238182e+017,0.6000674981168939,0.5152189418907703,0.5015556480418042,0.3940726930821894,-0.01146506066679967
9.115013427795462e+017,0.6003499787564117,0.5150831782518436,0.501274914299438,0.3937928011472219,-0.01146142139276853
9.58235015972069e+017,0.6006328581807796,0.5149475208581157,0.5009946533125174,0.3935132769450946,-0.01145765879563448
1.007364775826851e+018,0.6009161373328226,0.5148119695732167,0.5007148637527474,0.3932341194595413,-0.01145377331703937
1.059013472334078e+018,0.6011998171584817,0.5146765242610161,0.5004355442970619,0.3929553276779188,-0.01144976539652252
1.113310254137624e+018,0.6014838986068272,0.5145411847856219,0.5001566936275968,0.392676900591188,-0.01144563547152929
1.170390891473926e+018,0.6017683826300716,0.5144059510113811,0.4998783104316639,0.3923988371938956,-0.0114413839774197
1.230398115668303e+018,0.6020532701835838,0.5142708228028781,0.4996003934017244,0.392121136484155,-0.01143701134747688
1.293481976037607e+018,0.6023385622259019,0.5141358000249348,0.4993229412353636,0.3918437974636286,-0.01143251801291559
1.359800215091677e+018,0.6026242597187472,0.5140008825426099,0.4990459526352645,0.3915668191375089,-0.0114279044028906
1.429518662971777e+018,0.6029103636270379,0.5138660702211986,0.4987694263091823,0.3912902005145005,-0.01142317094450507
1.502811652112324e+018,0.6031968749189024,0.5137313629262318,0.4984933609699191,0.3910139406068023,-0.01141831806281888
1.579862453162782e+018,0.6034837945656936,0.5135967605234757,0.4982177553352982,0.390738038430089,-0.01141334618085686
1.660863733259748e+018,0.6037711235420022,0.5134622628789314,0.4979426081281393,0.3904624930034938,-0.01140825571961703
1.746018037795147e+018,0.6040588628256714,0.5133278698588343,0.4976679180762331,0.3901873033495902,-0.01140304709807876
1.835538296885213e+018,0.6043470133978103,0.5131935813296535,0.4973936839123166,0.3899124684943744,-0.0113977207332109
1.929648357806692e+018,0.6046355762428078,0.5130593971580919,0.4971199043740486,0.389637987467248,-0.01139227703997984
2.02858354473163e+018,0.6049245523483479,0.5129253172110847,0.4968465782039847,0.3893638593010003,-0.01138671643135754
2.132591247160376e+018,0.6052139427054225,0.5127913413557996,0.496573704149553,0.3890900830317909,-0.0113810393183295
2.241931538524194e+018,0.6055037483083467,0.5126574694596364,0.4963012809630301,0.3888166576991327,-0.01137524610990268
2.35687782650431e+018,0.6057939701547729,0.5125237013902258,0.4960293074015165,0.3885435823458747,-0.0113693372131134
2.477717536693519e+018,0.606084609245705,0.5123900370154298,0.4957577822269131,0.3882708560181847,-0.01136331303303516
2.60475283130989e+018,0.6063756665855135,0.5122564762033406,0.495486704205897,0.3879984777655325,-0.01135717397278645
2.738301364759693e+018,0.6066671431819495,0.51212301882228,0.4952160721098982,0.3877264466406733,-0.01135092043353843
2.878697077938877e+018,0.6069590400461599,0.5119896647407995,0.4949458847150753,0.3874547616996304,-0.01134455281452271
3.026291033259252e+018,0.6072513581927017,0.5118564138276795,0.4946761408022931,0.387183422001679,-0.01133807151303892
3.181452292487375e+018,0.6075440986395575,0.5117232659519287,0.4944068391570985,0.3869124266093295,-0.01133147692446236
3.344568839591208e+018,0.6078372624081497,0.5115902209827838,0.4941379785696979,0.3866417745883108,-0.01132476944225154
3.516048550902126e+018,0.6081308505233561,0.5114572787897089,0.493869557834934,0.3863714650075545,-0.01131794945795571
3.696320215018198e+018,0.6084248640135246,0.511324439242395,0.4936015757522628,0.3861014969391781,-0.01131101736122229
3.885834604999031e+018,0.6087193039104885,0.5111917022107596,0.4933340311257312,0.3858318694584688,-0.01130397353980432
4.085065605533214e+018,0.6090141712495817,0.5110590675649462,0.4930669227639543,0.3855625816438677,-0.01129681837956785
4.294511397896876e+018,0.6093094670696543,0.5109265351753239,0.4928002494800928,0.3852936325769538,-0.01128955226449924
4.514695705666368e+018,0.6096051924130876,0.5107941049124868,0.4925340100918312,0.3850250213424279,-0.01128217557671246
4.746169104299996e+018,0.6099013483258101,0.5106617766472533,0.492268203421355,0.3847567470280968,-0.01127468869645636
4.989510397863455e+018,0.6101979358573124,0.5105295502506663,0.492002828295329,0.3844888087248576,-0.01126709200212183
5.245328066341471e+018,0.6104949560606634,0.5103974255939919,0.4917378835448754,0.3842212055266822,-0.01125938587024899
5.514261787154714e+018,0.6107924099925259,0.5102654025487198,0.491473368005552,0.3839539365306016,-0.01125157067553432
5.796984034686533e+018,0.6110902987131726,0.5101334809865617,0.4912092805173304,0.3836870008366903,-0.01124364679083768
6.094201761819202e+018,0.6113886232865015,0.5100016607794523,0.4909456199245747,0.3834203975480515,-0.01123561458718938
6.406658167684351e+018,0.6116873847800525,0.5098699417995473,0.4906823850760203,0.3831541257708009,-0.01122747443379716
6.735134556047917e+018,0.6119865842650231,0.5097383239192238,0.490419574824752,0.3828881846140524,-0.01121922669805313
7.08045228897652e+018,0.6122862228162848,0.50960680701108,0.4901571880281833,0.3826225731899024,-0.01121087174554069
7.443474840670454e+018,0.6125863015123992,0.509475390947934,0.4898952235480356,0.382357290613415,-0.01120240994004135
7.825109956598957e+018,0.6128868214356346,0.5093440756028241,0.4896336802503169,0.382092336002607,-0.01119384164354161
8.226311923336704e+018,0.6131877836719818,0.5092128608490077,0.4893725570053011,0.3818277084784331,-0.01118516721623969
8.648083954777311e+018,0.6134891893111716,0.5090817465599613,0.4891118526875078,0.3815634071647709,-0.01117638701655228
9.091480700690619e+018,0.6137910394466906,0.5089507326093796,0.488851566175681,0.3812994311884066,-0.01116750140112126
9.557610883896463e+018,0.6140933351757982,0.5088198188711756,0.4885916963527697,0.38103577967902,-0.0111585107248203
1.004764007264923e+019,0.6143960775995437,0.5086890052194794,0.4883322421059065,0.3807724517691701,-0.01114941534076156
1.05627935951656e+019,0.6146992678227827,0.5085582915286385,0.4880732023263886,0.3805094465942808,-0.01114021560030217
1.110435960358335e+019,0.6150029069541942,0.5084276776732169,0.4878145759096569,0.3802467632926262,-0.01113091185305084
1.167369229501267e+019,0.615306996106298,0.5082971635279948,0.4875563617552766,0.3799844010053167,-0.01112150444687432
1.219999999999998e+019,0.6155755659361358,0.5081821374967729,0.4873289676225801,0.3797532728355773,-0.01111312170845962
